Role,Designation,Department,Email,Password,Full Name,Access Level,Dashboard URL
super_admin,System Administrator,IT / Operations,admin@ncs.go.ug,NCS@Admin2026!,System Administrator,Super Admin / Full System,/dashboard
general_secretary,General Secretary (CEO / Accounting Officer),Executive Directorate,gs@ncs.go.ug,NCS@Executive2026!,Dr. Bernard Ogwel,Executive CEO / Final Statutory Authority,/executive/appraisals
ags_technical,Assistant General Secretary - Technical,Technical Directorate,agst@ncs.go.ug,NCS@Technical2026!,David Katende,Executive Technical Command,/executive/ags-technical
ags_admin,Assistant General Secretary - Administration,Administration Directorate,agsa@ncs.go.ug,NCS@Admin2026!,Sarah Nabunya,Executive Administrative Command,/executive/ags-admin
technical_department,Technical Director,Technical & Sports Administration,technical@ncs.go.ug,NCS@Sports2026!,Emmanuel Kasasira,HOD Technical Sports,/nsmis/governance
senior_engineer,Senior Infrastructure Engineer,Engineering & Infrastructure,seniorengineer@ncs.go.ug,NCS@Eng2026!,Eng. Patrick Okello,Infrastructure Head,/maintenance/command-center
assistant_engineer_civil,Assistant Engineer (Civil Works),Engineering & Infrastructure,civil.engineer@ncs.go.ug,NCS@Civil2026!,Eng. Isaac Musoke,Civil Projects Lead,/maintenance
assistant_engineer_electrical,Assistant Engineer (Electrical & Power),Engineering & Infrastructure,electrical.engineer@ncs.go.ug,NCS@Electro2026!,Eng. Denis Kato,Electrical Infrastructure,/maintenance
engineering_officer_civil,Engineering Officer (Civil),Engineering & Infrastructure,civil.officer@ncs.go.ug,NCS@Works2026!,Joseph Mukasa,Civil Field Supervisor,/maintenance
engineering_officer_electrical,Engineering Officer (Electrical),Engineering & Infrastructure,electrical.officer@ncs.go.ug,NCS@Power2026!,Brian Ssempala,Electrical Field Supervisor,/maintenance
plumber,Plumber & Water Infrastructure Technician,Engineering & Infrastructure,plumber@ncs.go.ug,NCS@Plumber2026!,Fred Kigozi,Plumbing Maintenance,/maintenance
accountant,Senior Accountant / Head of Finance,Finance & Accounts,accountant@ncs.go.ug,NCS@Finance2026!,Stella Akello,Financial Ledger & Fixed Assets,/dashboard
auditor,Head of Internal Audit,Internal Audit Department,auditor@ncs.go.ug,NCS@Audit2026!,Michael Byamukama,Risk & Compliance Audit,/audit-logs
human_resources,Human Resources Manager,Human Resources & Administration,hr@ncs.go.ug,NCS@HR2026!,Jane Nanyonjo,Staff & Payroll Management,/users
helpdesk,IT Service Desk Lead,IT / ICT Infrastructure,helpdesk@ncs.go.ug,NCS@Helpdesk2026!,Peter Ssewankambo,IT Support & Ticketing,/maintenance
it_officer,ICT Systems & Database Administrator,IT / ICT Infrastructure,itofficer@ncs.go.ug,NCS@IT2026!,Samson Ogwang,Systems Cloud & DB Backups,/maintenance/backups
procurement_officer,Head of Procurement & Disposal (PDU),Procurement & Disposal Unit,procurement@ncs.go.ug,NCS@PDU2026!,Ronald Mugabe,PPDA Form 5 & Contracts,/applications
public_relations,PR & Corporate Communications Officer,Public Relations & Media,pr@ncs.go.ug,NCS@Media2026!,Grace Alupo,Media & Communications,/cms
stores_officer,Stores Officer / Inventory Custodian,Stores & Inventory Unit,stores@ncs.go.ug,NCS@Stores2026!,Daniel Baluku,Physical Inventory & GRN,/stores/inventory
facilities_manager,Facilities & Venue Operations Manager,Facilities & Venue Management,facilities@ncs.go.ug,NCS@Venues2026!,Brenda Kemigisha,Lugogo Venues & Hostels,/facilities/venues
legal_counsel,Legal Counsel & Compliance Officer,Legal & Corporate Affairs,legal@ncs.go.ug,NCS@Legal2026!,Counsel Timothy Mayanja,Contracts & Sports Arbitrations,/legal/compliance
medical_officer,Chief Medical Officer / Sports Physician,Sports Science & Medical Unit,medical@ncs.go.ug,NCS@Medical2026!,Dr. Christopher Mbaziira,Athlete Medical Screenings,/medical/sports-science
physiotherapist,Senior Physiotherapist & Rehab Lead,Sports Science & Medical Unit,physio@ncs.go.ug,NCS@Physio2026!,Fiona Nabirye,Injury Surveillance & Rehab,/medical/sports-science
transport_officer,Transport Officer & Fleet Manager,Transport & Fleet Management,transport@ncs.go.ug,NCS@Fleet2026!,Godfrey Kayanja,Vehicle Logistics & Fuel,/fleet/transport
driver,Senior Council Driver,Transport & Fleet Management,driver@ncs.go.ug,NCS@Driver2026!,Ivan Mukasa,Trip Dispatch & Gate Pass,/fleet/transport
federation_president,National Federation President (UAF),Sports Associations / Federations,federation.president@ncs.go.ug,NCS@Federation2026!,Dominic Otuchet,National Federation Head,/nsmis/governance
federation_general_secretary,Federation General Secretary (FUFA),Sports Associations / Federations,federation.gs@ncs.go.ug,NCS@FedGS2026!,Edgar Watson,Federation Operations,/nsmis/reports
safeguarding_officer,National Athlete Safeguarding Officer,Safeguarding & Welfare,safeguarding@ncs.go.ug,NCS@Safeguard2026!,Joyce Namubiru,Child & Athlete Protection,/nsmis/data/safeguarding-aggregates
